timeStamp,response_time,label,responseCode,responseMessage,threadName,dataType,success,failureMessage,bytes,sentBytes,grpThreads,allThreads,URL,Latency,IdleTime,Connect
1712476537244,55861,HTTP Request,200,OK,Docker 1-1,text,true,,226355,211,1,1,https://project-ucawzvndnq-uc.a.run.app/generate,55762,0,53
1712476597246,57534,HTTP Request,200,OK,Docker 1-2,text,true,,250187,211,1,1,https://project-ucawzvndnq-uc.a.run.app/generate,57376,0,72
1712476657244,56246,HTTP Request,200,OK,Docker 1-3,text,true,,282132,211,1,1,https://project-ucawzvndnq-uc.a.run.app/generate,56155,0,62
1712476717247,56323,HTTP Request,200,OK,Docker 1-4,text,true,,287975,211,1,1,https://project-ucawzvndnq-uc.a.run.app/generate,56152,0,94
1712476777246,56817,HTTP Request,200,OK,Docker 1-5,text,true,,249167,211,1,1,https://project-ucawzvndnq-uc.a.run.app/generate,56656,0,46
1712476837245,58619,HTTP Request,200,OK,Docker 1-6,text,true,,316062,211,1,1,https://project-ucawzvndnq-uc.a.run.app/generate,58445,0,61
1712476897245,57298,HTTP Request,200,OK,Docker 1-7,text,true,,306651,211,1,1,https://project-ucawzvndnq-uc.a.run.app/generate,57150,0,51
1712476957245,56346,HTTP Request,200,OK,Docker 1-8,text,true,,279683,211,1,1,https://project-ucawzvndnq-uc.a.run.app/generate,56204,0,78
1712477017246,58445,HTTP Request,200,OK,Docker 1-9,text,true,,259855,211,1,1,https://project-ucawzvndnq-uc.a.run.app/generate,58291,0,65
1712477077249,56837,HTTP Request,200,OK,Docker 1-10,text,true,,241567,211,1,1,https://project-ucawzvndnq-uc.a.run.app/generate,56671,0,55
1712477137248,56529,HTTP Request,200,OK,Docker 1-11,text,true,,271139,211,1,1,https://project-ucawzvndnq-uc.a.run.app/generate,56322,0,47
1712477197244,60824,HTTP Request,200,OK,Docker 1-12,text,true,,283143,211,2,2,https://project-ucawzvndnq-uc.a.run.app/generate,60675,0,63
1712477257268,57506,HTTP Request,200,OK,Docker 1-13,text,true,,252430,211,1,1,https://project-ucawzvndnq-uc.a.run.app/generate,57407,0,68
1712477317248,57414,HTTP Request,200,OK,Docker 1-14,text,true,,270955,211,1,1,https://project-ucawzvndnq-uc.a.run.app/generate,57257,0,207
1712477377250,59118,HTTP Request,200,OK,Docker 1-15,text,true,,328195,211,1,1,https://project-ucawzvndnq-uc.a.run.app/generate,59039,0,69
1712477437248,57058,HTTP Request,200,OK,Docker 1-16,text,true,,268070,211,1,1,https://project-ucawzvndnq-uc.a.run.app/generate,56979,0,47
1712477497245,58926,HTTP Request,200,OK,Docker 1-17,text,true,,282767,211,1,1,https://project-ucawzvndnq-uc.a.run.app/generate,58827,0,59
1712477557245,57647,HTTP Request,200,OK,Docker 1-18,text,true,,266455,211,1,1,https://project-ucawzvndnq-uc.a.run.app/generate,57499,0,60
1712477617247,55927,HTTP Request,200,OK,Docker 1-19,text,true,,259143,211,1,1,https://project-ucawzvndnq-uc.a.run.app/generate,55812,0,39
1712477677246,57130,HTTP Request,200,OK,Docker 1-20,text,true,,255099,211,1,1,https://project-ucawzvndnq-uc.a.run.app/generate,56880,0,59
1712477737246,56557,HTTP Request,200,OK,Docker 1-21,text,true,,227704,211,1,1,https://project-ucawzvndnq-uc.a.run.app/generate,56459,0,43
1712477797246,56958,HTTP Request,200,OK,Docker 1-22,text,true,,249408,211,1,1,https://project-ucawzvndnq-uc.a.run.app/generate,56802,0,49
1712477857245,66747,HTTP Request,200,OK,Docker 1-23,text,true,,285579,211,2,2,https://project-ucawzvndnq-uc.a.run.app/generate,66606,0,50
1712477917245,59974,HTTP Request,200,OK,Docker 1-24,text,true,,235688,211,1,1,https://project-ucawzvndnq-uc.a.run.app/generate,59897,0,47
1712477977245,58343,HTTP Request,200,OK,Docker 1-25,text,true,,363072,211,1,1,https://project-ucawzvndnq-uc.a.run.app/generate,58216,0,53
1712478037245,65451,HTTP Request,200,OK,Docker 1-26,text,true,,278099,211,2,2,https://project-ucawzvndnq-uc.a.run.app/generate,65297,0,53
1712478097246,56926,HTTP Request,200,OK,Docker 1-27,text,true,,297032,211,1,1,https://project-ucawzvndnq-uc.a.run.app/generate,56763,0,61
1712478157246,57646,HTTP Request,200,OK,Docker 1-28,text,true,,304188,211,1,1,https://project-ucawzvndnq-uc.a.run.app/generate,57464,0,65
1712478217246,58024,HTTP Request,200,OK,Docker 1-29,text,true,,277831,211,1,1,https://project-ucawzvndnq-uc.a.run.app/generate,57933,0,53
1712478277248,57761,HTTP Request,200,OK,Docker 1-30,text,true,,248588,211,1,1,https://project-ucawzvndnq-uc.a.run.app/generate,57686,0,49
1712478337248,70365,HTTP Request,200,OK,Docker 1-31,text,true,,275335,211,2,2,https://project-ucawzvndnq-uc.a.run.app/generate,70192,0,54
1712478397246,57605,HTTP Request,200,OK,Docker 1-32,text,true,,267007,211,1,1,https://project-ucawzvndnq-uc.a.run.app/generate,57459,0,53
1712478457248,58172,HTTP Request,200,OK,Docker 1-33,text,true,,223431,211,1,1,https://project-ucawzvndnq-uc.a.run.app/generate,58040,0,43
1712478517247,57587,HTTP Request,200,OK,Docker 1-34,text,true,,377912,211,1,1,https://project-ucawzvndnq-uc.a.run.app/generate,57498,0,66
1712478577246,58561,HTTP Request,200,OK,Docker 1-35,text,true,,275971,211,1,1,https://project-ucawzvndnq-uc.a.run.app/generate,58387,0,54
1712478637246,83985,HTTP Request,200,OK,Docker 1-36,text,true,,276923,211,2,2,https://project-ucawzvndnq-uc.a.run.app/generate,83842,0,58
1712478697249,78440,HTTP Request,200,OK,Docker 1-37,text,true,,242639,211,2,2,https://project-ucawzvndnq-uc.a.run.app/generate,78261,0,58
1712478757252,57967,HTTP Request,200,OK,Docker 1-38,text,true,,321972,211,1,1,https://project-ucawzvndnq-uc.a.run.app/generate,57889,0,58
1712478817249,58450,HTTP Request,200,OK,Docker 1-39,text,true,,337527,211,1,1,https://project-ucawzvndnq-uc.a.run.app/generate,58262,0,57
1712478877246,58051,HTTP Request,200,OK,Docker 1-40,text,true,,338203,211,1,1,https://project-ucawzvndnq-uc.a.run.app/generate,57953,0,59
1712478937245,57983,HTTP Request,200,OK,Docker 1-41,text,true,,318335,211,1,1,https://project-ucawzvndnq-uc.a.run.app/generate,57887,0,45
1712478997263,59136,HTTP Request,200,OK,Docker 1-42,text,true,,348599,211,1,1,https://project-ucawzvndnq-uc.a.run.app/generate,58992,0,51
1712479057245,58892,HTTP Request,200,OK,Docker 1-43,text,true,,232647,211,1,1,https://project-ucawzvndnq-uc.a.run.app/generate,58774,0,58
1712479117244,59182,HTTP Request,200,OK,Docker 1-44,text,true,,230895,211,1,1,https://project-ucawzvndnq-uc.a.run.app/generate,59053,0,52
1712479177310,57410,HTTP Request,200,OK,Docker 1-45,text,true,,303846,211,1,1,https://project-ucawzvndnq-uc.a.run.app/generate,57328,0,61
1712479237246,57358,HTTP Request,200,OK,Docker 1-46,text,true,,269959,211,1,1,https://project-ucawzvndnq-uc.a.run.app/generate,57184,0,58
1712479297244,59036,HTTP Request,200,OK,Docker 1-47,text,true,,239031,211,1,1,https://project-ucawzvndnq-uc.a.run.app/generate,58873,0,57
1712479357245,57476,HTTP Request,200,OK,Docker 1-48,text,true,,295667,211,1,1,https://project-ucawzvndnq-uc.a.run.app/generate,57295,0,53
1712479417246,59645,HTTP Request,200,OK,Docker 1-49,text,true,,215763,211,1,1,https://project-ucawzvndnq-uc.a.run.app/generate,59484,0,43
1712479477248,60886,HTTP Request,200,OK,Docker 1-50,text,true,,287919,211,2,2,https://project-ucawzvndnq-uc.a.run.app/generate,60694,0,54
1712479537245,58550,HTTP Request,200,OK,Docker 1-51,text,true,,310423,211,1,1,https://project-ucawzvndnq-uc.a.run.app/generate,58382,0,72
1712479597252,58815,HTTP Request,200,OK,Docker 1-52,text,true,,304696,211,1,1,https://project-ucawzvndnq-uc.a.run.app/generate,58632,0,53
1712479657249,59071,HTTP Request,200,OK,Docker 1-53,text,true,,218755,211,1,1,https://project-ucawzvndnq-uc.a.run.app/generate,59002,0,44
1712479717246,64534,HTTP Request,200,OK,Docker 1-54,text,true,,254895,211,2,2,https://project-ucawzvndnq-uc.a.run.app/generate,64370,0,73
1712479777247,59141,HTTP Request,200,OK,Docker 1-55,text,true,,298511,211,1,1,https://project-ucawzvndnq-uc.a.run.app/generate,59018,0,60
1712479837246,59167,HTTP Request,200,OK,Docker 1-56,text,true,,330474,211,1,1,https://project-ucawzvndnq-uc.a.run.app/generate,59006,0,57
1712479897247,62705,HTTP Request,200,OK,Docker 1-57,text,true,,299171,211,2,2,https://project-ucawzvndnq-uc.a.run.app/generate,62557,0,57
1712479957247,59692,HTTP Request,200,OK,Docker 1-58,text,true,,293624,211,1,1,https://project-ucawzvndnq-uc.a.run.app/generate,59553,0,52
1712480017246,63519,HTTP Request,200,OK,Docker 1-59,text,true,,264270,211,2,2,https://project-ucawzvndnq-uc.a.run.app/generate,63432,0,65
1712480077246,59335,HTTP Request,200,OK,Docker 1-60,text,true,,327407,211,1,1,https://project-ucawzvndnq-uc.a.run.app/generate,59175,0,50
1712480137247,59669,HTTP Request,200,OK,Docker 1-61,text,true,,254700,211,1,1,https://project-ucawzvndnq-uc.a.run.app/generate,59521,0,52
1712480197247,59833,HTTP Request,200,OK,Docker 1-62,text,true,,214159,211,1,1,https://project-ucawzvndnq-uc.a.run.app/generate,59745,0,60
1712480257245,59905,HTTP Request,200,OK,Docker 1-63,text,true,,238655,211,1,1,https://project-ucawzvndnq-uc.a.run.app/generate,59829,0,46
1712480317247,61225,HTTP Request,200,OK,Docker 1-64,text,true,,293143,211,2,2,https://project-ucawzvndnq-uc.a.run.app/generate,60849,0,69
1712480377248,61967,HTTP Request,200,OK,Docker 1-65,text,true,,326396,211,2,2,https://project-ucawzvndnq-uc.a.run.app/generate,61774,0,69
1712480437247,60203,HTTP Request,200,OK,Docker 1-66,text,true,,300546,211,2,2,https://project-ucawzvndnq-uc.a.run.app/generate,60051,0,54
1712480497248,61019,HTTP Request,200,OK,Docker 1-67,text,true,,250011,211,2,2,https://project-ucawzvndnq-uc.a.run.app/generate,60847,0,51
1712480557245,64191,HTTP Request,200,OK,Docker 1-68,text,true,,273995,211,2,2,https://project-ucawzvndnq-uc.a.run.app/generate,64019,0,55
1712480617246,60593,HTTP Request,200,OK,Docker 1-69,text,true,,258975,211,2,2,https://project-ucawzvndnq-uc.a.run.app/generate,60419,0,58
1712480677247,64070,HTTP Request,200,OK,Docker 1-70,text,true,,271679,211,2,2,https://project-ucawzvndnq-uc.a.run.app/generate,63918,0,55
1712480737250,61946,HTTP Request,200,OK,Docker 1-71,text,true,,249411,211,2,2,https://project-ucawzvndnq-uc.a.run.app/generate,61879,0,47
1712480797247,61767,HTTP Request,200,OK,Docker 1-72,text,true,,242352,211,2,2,https://project-ucawzvndnq-uc.a.run.app/generate,61594,0,47
1712480857248,61352,HTTP Request,200,OK,Docker 1-73,text,true,,248720,211,2,2,https://project-ucawzvndnq-uc.a.run.app/generate,61179,0,82
1712480917244,63489,HTTP Request,200,OK,Docker 1-74,text,true,,199674,211,2,2,https://project-ucawzvndnq-uc.a.run.app/generate,63356,0,78
1712480977243,61129,HTTP Request,200,OK,Docker 1-75,text,true,,281899,211,2,2,https://project-ucawzvndnq-uc.a.run.app/generate,61049,0,56
1712481037244,61737,HTTP Request,200,OK,Docker 1-76,text,true,,263919,211,2,2,https://project-ucawzvndnq-uc.a.run.app/generate,61662,0,62
1712481097247,61438,HTTP Request,200,OK,Docker 1-77,text,true,,343395,211,2,2,https://project-ucawzvndnq-uc.a.run.app/generate,61283,0,48
1712481157247,61790,HTTP Request,200,OK,Docker 1-78,text,true,,343452,211,2,2,https://project-ucawzvndnq-uc.a.run.app/generate,61626,0,63
1712481217247,60950,HTTP Request,200,OK,Docker 1-79,text,true,,280039,211,2,2,https://project-ucawzvndnq-uc.a.run.app/generate,60818,0,47
1712481277248,62897,HTTP Request,200,OK,Docker 1-80,text,true,,286272,211,2,2,https://project-ucawzvndnq-uc.a.run.app/generate,62817,0,53
1712481337250,61159,HTTP Request,200,OK,Docker 1-81,text,true,,262959,211,2,2,https://project-ucawzvndnq-uc.a.run.app/generate,61085,0,56
1712481397247,61896,HTTP Request,200,OK,Docker 1-82,text,true,,280823,211,2,2,https://project-ucawzvndnq-uc.a.run.app/generate,61747,0,48
1712481457249,116592,HTTP Request,200,OK,Docker 1-83,text,true,,255608,211,2,2,https://project-ucawzvndnq-uc.a.run.app/generate,116450,0,49
1712481517249,116603,HTTP Request,200,OK,Docker 1-84,text,true,,216576,211,2,2,https://project-ucawzvndnq-uc.a.run.app/generate,116501,0,56
1712481577248,63124,HTTP Request,200,OK,Docker 1-85,text,true,,253387,211,2,2,https://project-ucawzvndnq-uc.a.run.app/generate,62960,0,62
1712481637249,79435,HTTP Request,200,OK,Docker 1-86,text,true,,230165,211,2,2,https://project-ucawzvndnq-uc.a.run.app/generate,79348,0,48
1712481697248,62587,HTTP Request,200,OK,Docker 1-87,text,true,,257895,211,2,2,https://project-ucawzvndnq-uc.a.run.app/generate,62416,0,56
1712481757250,71878,HTTP Request,200,OK,Docker 1-88,text,true,,273971,211,2,2,https://project-ucawzvndnq-uc.a.run.app/generate,71732,0,47
1712481817247,62666,HTTP Request,200,OK,Docker 1-89,text,true,,288611,211,2,2,https://project-ucawzvndnq-uc.a.run.app/generate,62566,0,65
1712481877249,67743,HTTP Request,200,OK,Docker 1-90,text,true,,323651,211,2,2,https://project-ucawzvndnq-uc.a.run.app/generate,67618,0,50
1712481937250,62153,HTTP Request,200,OK,Docker 1-91,text,true,,315479,211,2,2,https://project-ucawzvndnq-uc.a.run.app/generate,61972,0,47
1712481997248,66176,HTTP Request,200,OK,Docker 1-92,text,true,,283339,211,2,2,https://project-ucawzvndnq-uc.a.run.app/generate,66003,0,50
1712482057249,62691,HTTP Request,200,OK,Docker 1-93,text,true,,337879,211,2,2,https://project-ucawzvndnq-uc.a.run.app/generate,62508,0,60
1712482117250,61957,HTTP Request,200,OK,Docker 1-94,text,true,,256399,211,2,2,https://project-ucawzvndnq-uc.a.run.app/generate,61792,0,70
1712482177250,63168,HTTP Request,200,OK,Docker 1-95,text,true,,278763,211,2,2,https://project-ucawzvndnq-uc.a.run.app/generate,63034,0,116
1712482237243,62641,HTTP Request,200,OK,Docker 1-96,text,true,,312679,211,2,2,https://project-ucawzvndnq-uc.a.run.app/generate,62506,0,54
1712482297249,64210,HTTP Request,200,OK,Docker 1-97,text,true,,244099,211,2,2,https://project-ucawzvndnq-uc.a.run.app/generate,64054,0,56
1712482357247,62472,HTTP Request,200,OK,Docker 1-98,text,true,,315331,211,2,2,https://project-ucawzvndnq-uc.a.run.app/generate,62292,0,57
1712482417248,62542,HTTP Request,200,OK,Docker 1-99,text,true,,307099,211,2,2,https://project-ucawzvndnq-uc.a.run.app/generate,62418,0,63
1712482477250,62843,HTTP Request,200,OK,Docker 1-100,text,true,,308083,211,1,1,https://project-ucawzvndnq-uc.a.run.app/generate,62700,0,79